<?xml version="1.0" encoding="utf-8"?>
<PluginInfo Project="Prototype_WwiseProject" Platform="Windows" BasePlatform="Windows">
	<Plugins>
		<Plugin Name="Wwise Delay" ID="6946819" DLL="AkDelay" StaticLib="AkDelayFX"/>
		<Plugin Name="Wwise Compressor" ID="7077891" DLL="AkCompressor" StaticLib="AkCompressorFX"/>
		<Plugin Name="Wwise Expander" ID="7143427" DLL="AkExpander" StaticLib="AkExpanderFX"/>
		<Plugin Name="Wwise RoomVerb" ID="7733251" DLL="AkRoomVerb" StaticLib="AkRoomVerbFX"/>
		<Plugin Name="Wwise Guitar Distortion" ID="8257539" DLL="AkGuitarDistortion" StaticLib="AkGuitarDistortionFX"/>
		<Plugin Name="Wwise Time Stretch" ID="8519683" DLL="AkTimeStretch" StaticLib="AkTimeStretchFX"/>
		<Plugin Name="System" ID="11403271"/>
		<Plugin Name="No Output" ID="11862023"/>
	</Plugins>
</PluginInfo>
